{"countAttributes":{"alojamiento":2,"conexion_internet":3,"latitud":74,"longitud":74},"countClass":{"1":46,"2":45,"3":45,"4":34,"5":32,"6":32,"7":32,"8":26,"9":24,"10":24,"11":24,"12":24,"13":24,"14":24,"15":24,"16":18,"17":18,"18":18,"19":18,"20":18,"21":23,"22":17,"23":16,"24":12,"25":12,"26":10,"27":0,"28":18,"29":10,"30":9,"31":20,"32":18,"33":14,"34":16,"35":20,"36":16,"37":14,"38":16,"39":10,"40":17,"41":14,"42":16,"43":14,"44":22,"45":11,"46":15,"47":18,"48":17,"49":15,"50":18,"51":19,"52":21,"53":16,"54":9,"55":14,"56":15,"57":15,"58":20,"59":10,"60":12,"61":13,"62":17,"63":19,"64":9,"65":20,"66":17,"67":24,"68":16,"69":12,"70":13,"71":13,"72":17,"73":17,"74":25,"75":19},"rows":1400,"probsClass":{"1":0.032857142857142856,"2":0.03214285714285714,"3":0.03214285714285714,"4":0.024285714285714285,"5":0.022857142857142857,"6":0.022857142857142857,"7":0.022857142857142857,"8":0.018571428571428572,"9":0.017142857142857144,"10":0.017142857142857144,"11":0.017142857142857144,"12":0.017142857142857144,"13":0.017142857142857144,"14":0.017142857142857144,"15":0.017142857142857144,"16":0.012857142857142857,"17":0.012857142857142857,"18":0.012857142857142857,"19":0.012857142857142857,"20":0.012857142857142857,"21":0.016428571428571428,"22":0.012142857142857143,"23":0.011428571428571429,"24":0.008571428571428572,"25":0.008571428571428572,"26":0.007142857142857143,"27":0,"28":0.012857142857142857,"29":0.007142857142857143,"30":0.0064285714285714285,"31":0.014285714285714285,"32":0.012857142857142857,"33":0.01,"34":0.011428571428571429,"35":0.014285714285714285,"36":0.011428571428571429,"37":0.01,"38":0.011428571428571429,"39":0.007142857142857143,"40":0.012142857142857143,"41":0.01,"42":0.011428571428571429,"43":0.01,"44":0.015714285714285715,"45":0.007857142857142858,"46":0.010714285714285714,"47":0.012857142857142857,"48":0.012142857142857143,"49":0.010714285714285714,"50":0.012857142857142857,"51":0.013571428571428571,"52":0.015,"53":0.011428571428571429,"54":0.0064285714285714285,"55":0.01,"56":0.010714285714285714,"57":0.010714285714285714,"58":0.014285714285714285,"59":0.007142857142857143,"60":0.008571428571428572,"61":0.009285714285714286,"62":0.012142857142857143,"63":0.013571428571428571,"64":0.0064285714285714285,"65":0.014285714285714285,"66":0.012142857142857143,"67":0.017142857142857144,"68":0.011428571428571429,"69":0.008571428571428572,"70":0.009285714285714286,"71":0.009285714285714286,"72":0.012142857142857143,"73":0.012142857142857143,"74":0.017857142857142856,"75":0.013571428571428571},"probAtt":{"alojamiento":0.5,"conexion_internet":0.3333333333333333,"latitud":0.013513513513513514,"longitud":0.013513513513513514},"m":4}